comment_id,post_id,author,body,score,created_utc
lcqbgm1,1e0xyrh,c0deG5,I hope they stay opened 24-7 The closing times for La fitness are bad,519,2024-07-11 15:31:15
lcqccxk,1e0xyrh,NotAnEgg1,I hope they fire the ass hat bald guy manager from the Lakeview East xsport. Garbage human.,271,2024-07-11 15:36:14
lcqdzpf,1e0xyrh,MagicSpoon69,The problem is the x sports are so mismanaged and disgusting,209,2024-07-11 15:45:06
lcqzrny,1e0xyrh,spate42,I heard LA Fitness had to send a letter in the mail to tell XSport they want to buy them.,176,2024-07-11 17:52:32
lcqhj60,1e0xyrh,silverfreeze936,"When I left Chicago, leaving XSport was impossible",64,2024-07-11 16:04:30
lcqcwzw,1e0xyrh,JesusA-JA3,I personally loved La Fitness for their cleanliness and numerous gym locations. Only reason I left them were their hours of operation.,39,2024-07-11 15:39:14
lcqhhwb,1e0xyrh,Lone_Soldier,Just bought a 2 year membership for one Xsport location for $300. Hopefully that's honored ðŸŽ–,75,2024-07-11 16:04:18
lcqauur,1e0xyrh,DiscouragedSouls,Will they stop being open 24/7,38,2024-07-11 15:27:59
lcqesha,1e0xyrh,BooBooSorkin,end of an era,30,2024-07-11 15:49:28
lcqnh09,1e0xyrh,omfgcows,I sure hope this goes well but it doesn't usually. The more obvious thing for everyone that doesn't work a traditional job structure is hoping it stays a 24 hour gym. To this day. That's why I've been a member at xsport fitness for like 7 years now. Their facilities might not be the best and their equipment outdated but it sure is open when I have time to get a workout in at 2:00 a.m. or something.,27,2024-07-11 16:38:35
lcrbitu,1e0xyrh,dpaanlka,My #1 reason for staying at Xsport for 10 years now is the 24/7 hours. This is worrisome.,26,2024-07-11 19:05:07
lcqccl1,1e0xyrh,chilloutman24,Welp. Time to switch to anytime.,18,2024-07-11 15:36:11
lcqvizt,1e0xyrh,FreshnessChronic890,So I'm assuming LA fitness members will have immediate access to Xport locations?,16,2024-07-11 17:26:43
lcq8bop,1e0xyrh,chapium,El Fitness is better,29,2024-07-11 15:14:18
lcqd431,1e0xyrh,O-parker,Hope itâ€™s not a from bad to worse type deal,13,2024-07-11 15:40:19
lcxr95q,1e0xyrh,EquipmentOld1726,"as someone who works in LA fitness and knew about this for the last 2 weeks, we arenâ€™t the most excited especially since this changes a lot of things for us as well including some of us getting transferred to xsport locations. Xsport will be staying 24 hours from my understanding though",12,2024-07-12 21:56:26
lcq6py4,1e0xyrh,CommonerChaos,"Holy hell are things changing rapidly around the city lately. Foxtrot and Doms go under (changing ownership), Mariano's and Jewels changes ownership, and now XSport is changing ownership.",80,2024-07-11 15:05:35
lctjjbp,1e0xyrh,eajr1991,PLEASE DON'T CHANGE THE 24/7 HOURS!!!!!,10,2024-07-12 06:38:08
lcqfpw6,1e0xyrh,RMT2316,The name on the contract does say fitnessâ€¦.,9,2024-07-11 15:54:30
lcqj066,1e0xyrh,None,"Hopefully the one by Golf Mill will get turned around and be better, Iâ€™ve heard nothing but bad things about it",7,2024-07-11 16:12:54
lcqhf55,1e0xyrh,Typical_Stormtrooper,That's really weird. I moved to Phoenix a few years ago and LA fitness just sold all of their branches here to esporta.Â ,7,2024-07-11 16:03:51
lcrlou3,1e0xyrh,Bevos2222,Iâ€™m all for the new brand. LAX fitness.,7,2024-07-11 20:10:32
lcrszew,1e0xyrh,OverPermission6322,LONG LIVE PIPERS ALLEY!,7,2024-07-11 20:59:10
lcsbm6j,1e0xyrh,Immediate_Welder5094,"Damn 24/7 is crucial for me with changing hours of work, seems like most LAâ€™s donâ€™t have basketball courts or tanning beds. LAâ€™s hours suck massive cock as well",5,2024-07-11 23:15:20
lcq68cs,1e0xyrh,nugzbuny,I was about to make a post and see what we think will change/happen?,9,2024-07-11 15:02:55
lcqrhri,1e0xyrh,little_lexodus,"Damn, just read this email after work. My xSport in downers grove is pretty run down so maybe itâ€™s for the best",7,2024-07-11 17:02:14
lcs9b7p,1e0xyrh,nlw421,"Excited and nervous about this. Wondering why I didnâ€™t receive this notice or see it on their website too. I had a really bad experience with LA when I moved to Chicago, so I bought a year membership to Xsport and got a year free. Most LAs are a lot cleaner with better equipment, but the management can be real assholes and the hours arenâ€™t great. Hope they can combine the good about both gyms. And hope they honor my free year!",4,2024-07-11 22:56:50
lcsbao1,1e0xyrh,clerks2007,"I just sent my cancelation letter on Tuesday...am I fucked? Do I have to contact LA Fitness now!?!? Ugh, it was already annoying sending a letter, now this!!!",5,2024-07-11 23:12:46
lctjg51,1e0xyrh,UnclePhilSpeaks_,"If you have BCBS and enroll to the wellness on target program, you can get access to both la fitness and anytime for 25 bucks a month.",6,2024-07-12 06:37:24
lcv5cae,1e0xyrh,repmendacio,"One of my fondest moments of Xsport was Xsport Brickyard during Covid, would show up at 6AM when barely anyone was there and half the weights would be missing. Good times.",5,2024-07-12 12:22:07
lcqioev,1e0xyrh,Disastrous_Head_4282,"My wife tried the Bucktown/Logan XSport and hated it and quit within a week.

I havenâ€™t seen an LA fitness open in a while. Thereâ€™s an abandoned one in Alsip",8,2024-07-11 16:11:03
lcqhlnu,1e0xyrh,LoCh0_xX,Anyone have a hint if membership prices will increase? I just moved to Old Town and was going to check out the location on North Ave,4,2024-07-11 16:04:54
lcri7cy,1e0xyrh,oscarjdm,They're closing nationwide. Here in VA the merge will happen on the 16th as well.,5,2024-07-11 19:47:35
ldcs5gx,1e0xyrh,Drinky_McGambles,Maybe now they can stop cranking the heat to like 90 degrees in the Ashland location,4,2024-07-15 16:27:50
ldezqn2,1e0xyrh,NeatSpiritual4980,if its not 24/7 then we should be able to get refunded since its not what we signed up for,4,2024-07-16 02:00:42
lcqipnq,1e0xyrh,Talex1995,Rip,3,2024-07-11 16:11:15
lcrj3xh,1e0xyrh,Jaynorts,Is it still possible to walk over to xsport and grab their 2 year special deal after this has been announced?,3,2024-07-11 19:53:27
lct887c,1e0xyrh,Moominsean,"I used LA FItness in Phoenix for 13 years and was told my membership was good at any LA Fitness in the country. When I moved to Chicago the LA Fitness here was like, nah, the membership doesn't work here. And we charge three times as much. So I cancelled my membership.",3,2024-07-12 04:48:29
lcti8l2,1e0xyrh,Acceptable_Amount521,The xsport on Broadway is very close to the LA Fitness on Clark. Would be surprised if both stayed open.,3,2024-07-12 06:27:14
lctwbih,1e0xyrh,gaycomic,The LA fitness I go to in Lakeview is a mess. Everything is always broken. The pool hasn't been usable in months.,3,2024-07-12 08:11:18
lcuyexa,1e0xyrh,AffectionateArm7985,Did anyone here actually get the above message as a member? It doesnâ€™t appear to be announced news wise and I havenâ€™t seen anything on their website nor received an email (but wouldnâ€™t be shocked since itâ€™s Shitsportâ€¦),3,2024-07-12 11:45:12
ldisnvs,1e0xyrh,canolyb1,"Just went into my local Xsport. If you got an email from LaFitness yesterday open it and set up an account. You will need a LA Fitness barcode from now on. I didnâ€™t get an email so had to wait in line. They looked me up and set up the app for me. Xsport will scan with only la fitness tags starting today, Xsport tags wonâ€™t work anymore",3,2024-07-16 17:26:55
lk0p7m0,1e0xyrh,Longjumping-Ad6726,I head Xsport was behind on their rent. Alot of Gyms will be closed within the next 6-12 months,3,2024-08-26 09:38:53
lcqacyk,1e0xyrh,slicebishybosh,I still can't find a good reason to make the jump from $10 Planet fitness.,9,2024-07-11 15:25:19
lcsert7,1e0xyrh,Klhoe318,Hopefully the quality of the xsport changes. Reason I left xsport and changed to la fitness is because most of the locations are fucking disgusting. Especially the locker rooms. Equipment always fuming broken. I doubt they will stay 24/7.,4,2024-07-11 23:41:38
lcr42hv,1e0xyrh,None,I bought them for 2 yearsâ€¦. ðŸ™ƒðŸ™ƒðŸ™ƒ,2,2024-07-11 18:19:01
lcr6kzj,1e0xyrh,NeedMoreBlocks,Feels like this will be a good thing,2,2024-07-11 18:34:35
lcra9ki,1e0xyrh,former-bishop,I will stay safely tucked in with Anytime Fitness.  Not too many machines but everything works and is often newish.  Clean places and it somehow all works even though there is no management in most locations i visit after 6pm.  It can get crowded at times.,2,2024-07-11 18:57:17
lcrap4w,1e0xyrh,Aotsu,I signed up for 6 months of trainings 2 weeks ago ðŸ’€ main reason to join was the always open perk,2,2024-07-11 18:59:57
lcslah9,1e0xyrh,baybaybabs,Does that mean LA Fitness members can use the XSport gyms?!,2,2024-07-12 00:39:45
lcsyah0,1e0xyrh,xlebronjames,Ugh.... Fuck LA Fitness,2,2024-07-12 02:55:00
lcu1kql,1e0xyrh,arcstudios,"Honestly I might just switch over to the LA Fitness a few blocks from my Xsport. The only reason I havenâ€™t yet is the early morning access, and that might be going away soon. 

Shame too because the views from the Lakeview East Xsport are AWESOME and I have a grandfathered in membership at ~$17ish/mo.",2,2024-07-12 08:44:17
lcu3o7c,1e0xyrh,julio1990,"Hopefully this brings good change to Xsport at the Brickyard.....all the people working there are ""ass"" not their personal being but their work ethics are garbage. They don't take care of the facility one but and it's always dirty.",2,2024-07-12 08:56:46
lcvdv20,1e0xyrh,Annual_Champion987,Anyone know what did them in? Did they just run out of cash trying to survive through COVID? Or did people build their own gyms and start doing more outdoor activities. Looks like there was a quite a big shift and they just couldn't survive it. Consumers are pulling back financially too due to high prices on everything.,2,2024-07-12 13:07:48
lcw3eyn,1e0xyrh,Revolutionary_Two747,"I left LA fitness a year ago because the over price and no 24 hour gym, and now Iâ€™m going back to be a LA fitness member again?",2,2024-07-12 15:28:31
ldbuwp0,1e0xyrh,None,[deleted],2,2024-07-15 13:29:09
ldbxcda,1e0xyrh,BamBamGaming773,"If the Brickyard one doesn't stay 24/7, anybody know any good gyms in the Logan Square/Belmont-Cragin area?",2,2024-07-15 13:42:08
ldc160c,1e0xyrh,Economy-Syllabub-199,"So if I upgrade my membership to include other club access for xsport today, tomorrow they would have to honor it and also give me access to other la fitness clubs?",2,2024-07-15 14:02:33
ldgwyfi,1e0xyrh,Dadave_574,Any idea if theyâ€™ll honor the honor the one free guess per day if you have that package?,2,2024-07-16 11:16:08
ldif7r3,1e0xyrh,No_Strawberry6540,"How nice that they still havenâ€™t bothered to formally notify some of us, but the XSport website now leads to an LAF announcement about the sale. They already closed the location closest to me recently and this all feels like a bad sign- Iâ€™m currently browsing gym equipment online to just start working out at home because I donâ€™t trust that we will get to keep the things that made it feel worth it to me to have a gym membership.",2,2024-07-16 16:09:00
ldj6g9p,1e0xyrh,nlw421,"Nervous already. I signed up last year when Xsport had a â€œbuy a year, get a yearâ€ deal. Just got to the Ashland former Xsport, waited in the line, and talked to four different associates to be told there was an issue with the â€œfree yearâ€ and that they were working to resolve the issue. But the other three associates knew nothing about it? I called the Broadway former Xsport and the Lawrence LA Fitness and nobody knew about it there either. LA has fucked me over in the past and I lack faith in them right now.",2,2024-07-16 18:52:41
ldk8v1x,1e0xyrh,None,Everyone should check there spam folders or just try creating an LAF account online,2,2024-07-16 23:19:46
ldn2oe9,1e0xyrh,Dangerous_Depth469,so do all xsport members have access to la fitness? or is it only the member that have the membership to access all xsport locations?,2,2024-07-17 12:27:05
ldn5bp0,1e0xyrh,smo1164,"Anyone try going into a true LA fitness (not x-sport convert) after this change? I have not been and am nervous it will be messy if I try to go there rather than my normal X-sport gym. 
The LA fitness is closer to my house so want to try it out if people have had success going!",2,2024-07-17 12:41:08
ldt9rgz,1e0xyrh,No_Scratch_5332,Does anyone know if Xsport is staying 24 hours and/or changing their monthly prices?!!,2,2024-07-18 13:47:00
le48g0b,1e0xyrh,Accurate_Can_8889,Word from the employees at my gym is that it will remain 24/7 for 3 months and then switch to LA hours. If I donâ€™t get a refund itâ€™s lawsuit time,2,2024-07-20 13:37:52
lebdznu,1e0xyrh,Super_Daikenki,I was supposed to get am email.from them but nothing. I'm stopping by later since I've heard from nothing when I came Friday/Saturday.  I'm concerned how my membership will be affected too since I had a 2 year deal.,2,2024-07-21 20:28:22
lehihw5,1e0xyrh,Pretty-sure-,Me and my father paid 400 for 2 years and now that they are being bought out our membership only gives 1 year we got screwed,2,2024-07-22 21:50:05
leik7j8,1e0xyrh,BitterLetterhead113,Was told from Niles location that the 24/7 will be honored thru Sept 15 - then itâ€™s anybodyâ€™s guess,2,2024-07-23 03:41:37
lgv9tl4,1e0xyrh,KJSS3,I just found out today also.  But I never go late night.  Not safe to be roaming late night.,2,2024-08-06 20:12:04
ljazgi1,1e0xyrh,kinikkixx,they better not switch their hours from 24/7 to fucking 7-9.,2,2024-08-21 19:53:30
lcqj87s,1e0xyrh,zaccus,"I did a trial visit at the portage park one. Slammed on a Thurs morning. 1 squat rack. Not even a simple pull up bar anywhere. Garbage.

This was back in like March and they're still blowing my shit up.",4,2024-07-11 16:14:09
lcq6a35,1e0xyrh,None,[deleted],3,2024-07-11 15:03:10
lcr3wcd,1e0xyrh,CelebrationIcy4544,"Now we have to say we go to ""LA Fitness"" LMAO",3,2024-07-11 18:17:56
lcqv4si,1e0xyrh,Stewclone,"Both those gyms are shit anyway. If youâ€™re looking for a good no frills gym come to bucktown fitness club. They are updating all the equipment currently and are family owned. The hours arenâ€™t the best, but I have a planet membership too and just go there if I want a late night sesh.",5,2024-07-11 17:24:19
lcqtnll,1e0xyrh,GIGGLES708,Interesting. Thatâ€™s probably why they closed all the LA FITNESS locations on far so side n subs. ðŸ˜­,2,2024-07-11 17:15:19
lcr2k84,1e0xyrh,Firm_Gap_6661,Bro LA SUCKS wtf!,2,2024-07-11 18:09:45
lcrp7tk,1e0xyrh,Exhul,It seemed like they gave up 5-6 years ago. Glad they're finally acknowledging that they can't manage a gym,2,2024-07-11 20:34:10
lcsa0t3,1e0xyrh,el_toro_grand,"Christ one obnoxiously overpriced gym buying another, no thanks",2,2024-07-11 23:02:31
lcqe6x4,1e0xyrh,suazzo77,"Great, that means dues are going up then (source: me, I have two HS-age kids, one belongs to XSport and the other LA. LA is more than double I think)",2,2024-07-11 15:46:12
lcr9gse,1e0xyrh,Novel-Ad4130,"As much as I hate saying thisâ€¦LA, Xsport, fill in the blank are all trash gyms. I was an OG xsport member 2010 around the time they first came to Chicago mainstream. Quality went down within 5 years. Even at the â€œpremiumâ€ gyms; pipers alley - east lakeview. Iâ€™m just going to have to smoke less weed per month and workout at the One Chicago. Equinox gyms are too crowded these days.",2,2024-07-11 18:52:20
lcqnp01,1e0xyrh,Disastrous_Garage448,"What about massage rooms and group sessions, do they have all this? this sucks",1,2024-07-11 16:39:54
lcr6cj7,1e0xyrh,SpaceFace11,Does that mean I can go to Xsport gyms with my LA Fitness membership?,1,2024-07-11 18:33:07
lcruwnn,1e0xyrh,vk2786,"We're switching to Vasa. Much better price, same (if not better) amenities. We've had some issues with Xsport & their staff recently, so it was time.",1,2024-07-11 21:12:04
lcrypdu,1e0xyrh,Odd-Spring-4348,What's available on the NW side that's similar. The LA on cumberland is horrible and the one on Touhy not much better. The Xsports are older and stink like LA as well but they got the 24 hours. What a shame they should have left in 2016 when they had the chance,1,2024-07-11 21:38:06
lcrztj3,1e0xyrh,Rough_Garage_1663,Maybe the MexSport on central &belmont will be turned into LA fitness?,1,2024-07-11 21:45:53
lctfodv,1e0xyrh,According_Error8692,What location sent you this?Â ,1,2024-07-12 06:04:34
lcu7x8w,1e0xyrh,CubeEarthShill,"I just switched from XSport to LA Fitness last month. Wish they opened a little earlier on weekends, but LA Fitness is so much cleaner than XSport. At least that is the case on the NW side/near burbs. The Niles XS locker room smells like it gets christened with urine every morning and most of the tall lockers have the eyes (part the lock attaches to) cut or have locks on them overnight.  I like to use the sauna and hot tub, but have used neither at that location in a long time because they felt unsanitary. I don't think the jets have worked for over a year in the hot tub. I hope LA Fitness updates some Xsport locations.",1,2024-07-12 09:21:37
lcw29op,1e0xyrh,BallonBrun,Are the current xsport gyms just converting to la fitness gyms?? The closest LA to me is 25 minutes so this is gonna suck.,1,2024-07-12 15:22:08
lcy57sz,1e0xyrh,AffectionateMeet4059,Does anyone know which locations are shutting down?,1,2024-07-12 23:51:00
lcyrqy9,1e0xyrh,rammi_g,"I already emailed LA Fitness about the hours

Contact@fitnessintl.com",1,2024-07-13 03:52:50
ld04j5v,1e0xyrh,LordAnon5703,"Been with my trainer almost a year now and luckily he got rehired with LA fitness, but idk if I want to stay with LA fitness. Does anyone know what benefit there is to joining FfC? I did a tour once and it all kinda came down to ""pay an extra $140 a month for... eucalyptus towels!"". Maybe things have changed since 2023 but I go to the gym to work, and when it came to actual gym related activities your guide couldn't seem to find any way to differentiate FCC from xsport (other than the towels).Â  Willing to hear your opinion on other gyms too, especially ones specifically for strength training.Â ",1,2024-07-13 10:41:16
ld5n8bd,1e0xyrh,None,LA Fitness Garbage Place With Garbage Management. I Pray XSport Stays 24/7.,1,2024-07-14 11:12:33
ldc0nhh,1e0xyrh,jk021,"How I wish we had a 24 Hour Fitness in Chicago. I used to go back in Jersey and loved it. Clean machines, good customer service, and good pricing for the amenities we got.",1,2024-07-15 13:59:49
ldc1t9e,1e0xyrh,aversenal,"Anyone hear if LA will jack up prices now that theyâ€™ve removed a competitor? A manager told me he believes they will and to lock into one of those â€˜buy one year, get one year freeâ€™ offerings. Has anyone heard anything different or is this a sales gimmick?",1,2024-07-15 14:06:03
ldc28t6,1e0xyrh,This-Intention7267,Hopefully new management makes the necessary changes at my XSport location. The Bolingbrook one hasnâ€™t had any real updates in years and itâ€™s treadmills are always down.,1,2024-07-15 14:08:24
ldcdr8s,1e0xyrh,SnooHamsters9236,Will they be honoring the buy 1 year get 1 year free? promo if you signed up?,1,2024-07-15 15:09:47
ldcs239,1e0xyrh,saidtastic,Will membership fees go up then? Only reason I chose XSport cuz itâ€™s so cheap lol,1,2024-07-15 16:27:18
ldh7rd5,1e0xyrh,derylle,"I finally got a reply from my friend, shes a regional manager at xsport:  
  
""Its all happening so fast""  
""All current xsport employees will still work their current jobs/duties""  
""Eventually all xsport locations will turn into LA Fitness""  
""It will be a slow change""

She still does not have answers for the following:  
 1 Honoring prices for current membershp/deals or grandfather pricing or new pricing with LA Fintess taking over\\  
 2 How to setup your new LA fitness account and start going to LA fitness. YOU will need the LA Fitness App she says BUT unsure how to setup it up and transition or transfer

 3 LA fitness does not use key tags, they use mobile app. xsport members will not be able to use their current keytag.  have to use the LA Fitness mobile app. 

 4 3-6 months is her estimate guess. On how long, this slow change will take.",1,2024-07-16 12:14:23
ldmv8v6,1e0xyrh,Hediak-Chigashi,"I have 19 sessions left with them. I had ankle surgery and can no longer walk for the foreseeable future. I go to the physical location on Elston, they say call LA fitness. I call LA fitness, they say they canâ€™t refund as I didnâ€™t give them any more. That I gave Xsports. The customer service reps are all very defensive and rude on the phone when I talk about cancellation. I donâ€™t know if thatâ€™s company policy. 

My question is this. 

WHO DO I HOLD RESPONSIBLE for my money?",1,2024-07-17 11:47:58
lmsxs1y,1e0xyrh,StrangeBaseball7213,I just went to an Xsport using my LA fitness membership (through insurance) and apparently we arenâ€™t able to use XSport Fitness if we are on a ACH (health insurance). Has anyone else heard anything about people not being able to go to xsport if you have a discounted rate through insurance?,1,2024-09-12 13:15:41
lpres4x,1e0xyrh,timetravelingdude,Update on this. XSport is switching their hours now from 5am-10pm on weekdays 5am-9pm Fridays and 8am-7pm Saturdays and Sundays,1,2024-09-30 22:41:31
lq4rmmo,1e0xyrh,januarysnow_11,"I am just hoping the xsport fitness locations do stay open 24/7. I have a stable work schedule, but I have pretty bad anxiety/adhd and sometimes a late night workout session on Saturdays is what helps me. Thatâ€™s why I would take the 30min drive to Xsport over the 5min drive to LA fitness.",1,2024-10-03 08:17:09
lvcinl9,1e0xyrh,Existing-Following93,"In NY suburbs, mine is no longer 24/7, same with the second location.",1,2024-11-04 07:57:42
lcvts5y,1e0xyrh,Inevitable_Tart_8546,RIP steam room fun in Lakeview lmao,1,2024-07-12 14:35:17
lcqa4fx,1e0xyrh,None,[deleted],-7,2024-07-11 15:24:02
lcqc276,1e0xyrh,This-Refrigerator536,Yes!!! My only frustration. Why is the gym closing at 7PM on a Saturday night?!,276,2024-07-11 15:34:33
lcqcrjv,1e0xyrh,JesusA-JA3,Reason why I left LA Fitness. I love their facilities but the hours were awful when my work schedule changed.,69,2024-07-11 15:38:25
lcqhiql,1e0xyrh,Sfdguy7462s,Iâ€™d wager theyâ€™ll likely switch to Laâ€™s hours within a few weeks,48,2024-07-11 16:04:26
lcqe2bf,1e0xyrh,destroys_burritos,I know the one in Lakeview had wacky times because the building they were in controlled the main doors,23,2024-07-11 15:45:29
lcqxm88,1e0xyrh,vicefox,"The ""signature"" location in the Loop closes at 5pm on Saturday and Sunday.",16,2024-07-11 17:39:28
lcrnu56,1e0xyrh,WheelWhiffCelly,"Iâ€™m gonna be so upset if they change that. Hours is honestly my number one priority in choosing a gym, I HATE going at peak times when itâ€™s crowded af and you have to wait endlessly for a rack or equipment",11,2024-07-11 20:24:55
lcthum7,1e0xyrh,soulexpectation,And opening. I hate waking up at 6 am and waiting 2 hours to go to the gym on a Sunday,1,2024-07-12 06:23:56
lcuoaqz,1e0xyrh,iwillbewaiting24601,Opening too - the LA by my house doesn't open until 8 on Saturday. Sad.,1,2024-07-12 10:51:03
ldd1mbm,1e0xyrh,External-Region-6149,"Agreed, One of the main reasons Iâ€™ve always stuck with Xsport is because of the 24/7.",1,2024-07-15 17:23:13
lqnmr2n,1e0xyrh,Round-Concentrate-99,"my home gym is changing their hours starting tmr oct 7 and itâ€™s infuriating, i used to go after midnight since im a full time college student and work full time. now i have to flip my whole schedule around again or cancel",1,2024-10-06 13:38:04
lyi2nu5,1e0xyrh,Snoo_53830,Mine just switched last week to close at 7 pm!!!!! Iâ€™m canceling,1,2024-11-22 18:09:34
lcqfnv8,1e0xyrh,Savagexaudible,Dying I forget his name but I know exactly who youâ€™re talking about. Bold faced scammer smh,109,2024-07-11 15:54:11
lcqe3a5,1e0xyrh,gman8686,"Lol that guy sucks never dealt with him personally but overheard him talking to others before, seems like a douche",63,2024-07-11 15:45:38
lcqhbl4,1e0xyrh,ajohnca,was on a tour and noticed him and others laughing at someone on CCTV & just never considered going there even when itâ€™s my closest option,61,2024-07-11 16:03:18
lcqcya0,1e0xyrh,Master_Wolf2654,"I hope they fire the Schaumburg manager as well. Heâ€™s a total asshole and no amount of complaints from the members that I know, managed to change anything with the previous management.",52,2024-07-11 15:39:26
lcqimv8,1e0xyrh,ComaMierdaHijueputa,"One of the trainers in Old Town was an asshole too, he tried to upsell me into personal training by lecturing me about how I spend too much money on food. Different trainer in a different location was an asshole too.",24,2024-07-11 16:10:48
lcql345,1e0xyrh,qtmcjingleshine,Thatâ€™s a requirement to be a manager at Xsport,28,2024-07-11 16:24:44
lcqgtnb,1e0xyrh,eaallen2010,Haha I think I know who youâ€™re talking about. I avoid most of the trainers and staff at all xsports. 90% of them are douches.,44,2024-07-11 16:00:32
lcqy0jx,1e0xyrh,spate42,"The one who was gone for awhile and came back with the scruffy beard?
 If so, YES.  Such an incredible douche.

I do miss that jacked guy with the tattoos all over, he was actually the opposite of what I would expect, real nice and always said hi, even outside the gym.",19,2024-07-11 17:41:51
lcra737,1e0xyrh,Aotsu,That guyâ€™s strategy to sign me up was to say â€œyou donâ€™t work out much huh?â€. He could probably tell I didnâ€™t want to talk to him anymore after that cause he had someone else take over quickly,17,2024-07-11 18:56:51
lctkxwo,1e0xyrh,Bigsec225,I have seen this guy get angry at a customer and scream â€œfuck youâ€ on the phone then hang up. All the roids are getting to his brain.,9,2024-07-12 06:49:27
lcqtx5k,1e0xyrh,650_dollars,Wild that I immediately know who youâ€™re referring to lmao,8,2024-07-11 17:16:57
lcr4e68,1e0xyrh,kakawisNOTlaw,Is that the one on Ashland? Tall bald black guy?,2,2024-07-11 18:21:01
lj2g51o,1e0xyrh,Operation4avacation,Omg yes. Iâ€™ve dealt with him heâ€™s so irritating,1,2024-08-20 11:54:39
ljaz7d7,1e0xyrh,kinikkixx,omgðŸ˜­ðŸ˜­ðŸ˜­ðŸ˜­,1,2024-08-21 19:51:57
lcql630,1e0xyrh,None,"Their equipment is disgusting and so outdated. Half of the cardio machines are usually out at any one given time. The Lakeview Ashland Location has a whole role of broken cardio equipment. Last time I used it, I didn't lose any weight at all! Someone has to fix that.",104,2024-07-11 16:25:12
lcqxugh,1e0xyrh,vicefox,At the Logan Square express location there were machines broken for years and years. And often machines that didn't have a duplicate.,7,2024-07-11 17:40:50
lcr9whp,1e0xyrh,DrNoodles247,Good news is the LA Fitness in Naperville had Legionnaires's Disease a few years ago.,11,2024-07-11 18:55:04
lcqmz9i,1e0xyrh,Hopefulwaters,And much of the equipment is unsafe and not maintainedÂ ,6,2024-07-11 16:35:45
lcrc81p,1e0xyrh,howsmallissmall,Used to go to xsport and switched to LA years ago. Canâ€™t say itâ€™s that much better. The location that I go to has had a broken elevator for over a year so it takes 3 long ass flights to get to and from the lockers. RIP after leg day.,5,2024-07-11 19:09:29
ld8hwld,1e0xyrh,ang444,"theyve always been BAD...I remember around 2008ish in the Elston location, the machines were always crap and malfunctioning...",1,2024-07-14 21:48:52
lcrdwxr,1e0xyrh,bluemurmur,ðŸ¤£ðŸ¤£ðŸ¤£. Via Certified Mail!,44,2024-07-11 19:20:04
lcvf84u,1e0xyrh,Annual_Champion987,"One of the biggest jokes in the fitness industry. Get rid of the sales people and just let us buy memberships online and scan in with our phones QR code. Raise prices as you sell more memberships to limit the crowd size. (I think Lifetime does that, they raise prices to keep it from getting overcroweded)",6,2024-07-12 13:15:10
ld2bll2,1e0xyrh,Thelonius_Dunk,I was gonna make a joke about this too. So ridiculous they choose to make it so hard to quit. I was fine with XSport but had to end my membership because I moved. They made it such a pain in the ass to quit I made sure to just join any gym that wasn't an Xsport the next time I moved again.,1,2024-07-13 18:46:52
lcrz3wb,1e0xyrh,Rough_Garage_1663,"cheatcode : just open one of the emergency doors that says they will ""terminate"" your membership if you open said door",41,2024-07-11 21:40:53
lcqqxh1,1e0xyrh,Chem_BPY,"Luckily LA fitness had an online cancellation option. I'm pretty sure it was only available in Illinois, and it was super hard to find on their website.",21,2024-07-11 16:58:51
lcrffd4,1e0xyrh,donutgut,Same!,2,2024-07-11 19:29:40
lcrduv0,1e0xyrh,clozepin,Same. I have two years starting in Feb of this year. My son is $20 and month. I hope LA honors both.,11,2024-07-11 19:19:41
lcwz66b,1e0xyrh,elderibeiro,On what xsport location are you guys getting 2 years for $300??? I got mine one year ago and it was $479 for 2 years.,1,2024-07-12 18:41:00
ldc6vmd,1e0xyrh,OnionMiasma,"Same, but mine is through the end of 2026.",1,2024-07-15 14:33:13
lfembwd,1e0xyrh,RedditsFan2020,"One of the LA Fitness managers told me that they would NOT honor it. >:-( If you could get them to honor it, let us know. They should.",1,2024-07-28 17:49:09
lcqyaan,1e0xyrh,todosdelosbutts,"This will be the death knell.

LA Fitness hours are terrible. 

Literally the only thing keeping Xsport a viable option for me is 24/7 access and the pool.",40,2024-07-11 17:43:30
he8z58f,puzjvy,NeitherMedicine4327,"Not the only restaurant and the street, plus people been opening doors of the cars nonchalantly like there are not us bikers on the road, I hit door while full speed on the bike and waS sliding few feet, just bad.",16,2021-09-25 13:19:43
he7tzfe,puzjvy,Ac9ts,"More info in r/chibike


Cars are double parked covering bike lanes. Safety complaints have been recorded with the alderman so there's a public record if a bicyclist gets injured by having to ride around them.",42,2021-09-25 08:06:21
he8d8m7,puzjvy,stroobco,Lincoln Park is the land of rich Karens,33,2021-09-25 10:38:01
he7xp5p,puzjvy,danekan,Someone should call 911 and let the police deal with it,24,2021-09-25 08:37:07
hed0j7r,puzjvy,idkanametomake,"Happened to me on my street once, punched out a couple mirrors and the fat fuck driving the car couldn't catch up to me haha",3,2021-09-26 11:13:52
ku8u1ft,1bbd8ck,MMM242,Santa Monica Summer House.,16,2024-03-10 12:27:23
ku8q374,1bbd8ck,Sashabadger,Spinning J - they are so good.  I tried making them at home and it did not work out.,11,2024-03-10 12:04:32
ku9fb60,1bbd8ck,nom4d_,Loaf lounge,5,2024-03-10 14:30:42
ku9twbk,1bbd8ck,cozymami,Au Levain! Itâ€™s sour dough English muffins too,5,2024-03-10 15:56:46
ku8sss1,1bbd8ck,Claudine-in-Chi,Reno has fantastic English muffins.,3,2024-03-10 12:20:09
kucy3lc,1bbd8ck,BlueSkyBasin,"Dan the Baker makes the best English Muffins 

https://www.danthebakerchicago.com",3,2024-03-11 07:42:39
kub80in,1bbd8ck,gputchaven,Due Lire bakery pop-up in Lincoln Square on Sunday Morning,2,2024-03-10 21:12:19
kubbbto,1bbd8ck,P8sammies,"If you are ever in the far west suburbs(Aurora).  Must order in advance:

https://katichbreads.com",2,2024-03-10 21:35:35
kubqath,1bbd8ck,sassyredvelvet,"If youâ€™re not able to find fresh ones, I love the Wolfermanâ€™s Bakery English muffins that Domâ€™s carries",2,2024-03-10 23:34:39
kuan2hn,1bbd8ck,went_figure,Loaf Lounge and theyâ€™re sooo good,1,2024-03-10 18:52:27
kubo6iz,1bbd8ck,crispixiscrispy,Sweet Rabbit,1,2024-03-10 23:15:45
ku8iaxc,1bbd8ck,TheMoneyOfArt,https://www.quinceandapple.com/blogs/recipes-and-pairings/english-muffins,-3,2024-03-10 11:18:54
kv2c0m9,1bbd8ck,kreplachkid,"Hey Everyone!

Want to provide an update (along with an observation and lesson learned) for the six to eight people who might potentially give a shit.  

First, thank you everyone for your suggestions.  While Chicago goes hard on pastries and delightful breakfast options, I feel like there is a big gap in the good ol fashioned bakery department.  Being familiar and a fan of Spinning J and Loaf Lounge, I started there.  Both were very similar, the retail seems to exist to support surplus from the restaurant, and it was a roll of the dice if they could accommodate from a timing and quantity perspective (please note this is NOT a complaint, it doesn't fit their business model and that makes sense).  I then saw pictures of those sourdough muffins at Au Levain and thought that needed to be my next target, until I saw a Sunday pickup only (needed them for Saturday).  Next I tried calling Reno.  After ringing a few times got a voice recording letting me know the phones are not working and to email someone.  I emailed them with no response.

This finally takes me to my lesson learned:  when you crowd source a request to Reddit and there is a top up voted comment, you listen.  Admittedly, my snobby Chicago bias prevented me from going straight to Santa Monica Summer House.  A California name!?  A chain with locations outside of Chicago!?  Couldn't be me.  Well, finally I checked them out and arrived to find piles of delicious, homemade English muffins.

Thanks again everyone for the help, it was a journey.",2,2024-03-15 18:07:41
ku9jesx,1bbd8ck,chi-town420,I just found out about these and they are very good,1,2024-03-10 14:55:12
kua61cn,1bbd8ck,cocktails_and_corgis,Came here to say this!,3,2024-03-10 17:07:02
kugxbhf,1bbd8ck,kbklots,Facts,2,2024-03-11 22:04:39
kubkimb,1bbd8ck,Spiritual-Fun-2682,The best! You can get them at various farmers markets too including Evanston.,2,2024-03-10 22:44:50
ki8h8ip,198nky4,KoufaxRJ626,"If youâ€™re going north of downtown, do you have specific neighborhoods in mind?",2,2024-01-16 22:21:26
ki8j8lj,198nky4,dextro_sch,Santa Monica Summer House. They have small bar area with few TVs.,-5,2024-01-16 22:36:34
ki9pxyx,198nky4,jewbaconlover,Bixi has TVs in the downstairs bar.,1,2024-01-17 06:19:22
kico2xp,198nky4,Phil517,May be too late but jake melnicks corner tap. Love their food.,1,2024-01-17 16:48:21
kiw8mu8,198nky4,Exciting-Turn-8038,"Surprisingly, Eden has a TV in the main room. Had a great dinner and sneakily watched the game the whole time.",1,2024-01-21 09:06:57
ki8hgm2,198nky4,Logan__Squared,"Meeting friends from Highland Park. They are willing to come down to us, but weâ€™re mostly looking for a great meal. So location is definitely flexible.",1,2024-01-16 22:23:06
kie4uy1,198nky4,KoufaxRJ626,"You may have luck at The Moonlighter, The Loyalist (hit or miss on what theyâ€™re showing, could check ahead) or The Warbler in Lincoln Square who I believe has tvâ€™s in the bar area from memory. Another option along Southport corridor could be Coda di Volpe (I believe tv in bar area but Iâ€™d call). 

Otherwise youâ€™re really going to be looking at pure sports bars (burgers / wings) or pizza restaurants imo. I have recs for those if youâ€™re interested, though!",2,2024-01-17 22:33:15
emdhm80,bk1tag,emelegantt,"Maudes Liquor Bar. 

Super sexy and intimate atmosphere, delicious traditional and fusion french food.",28,2019-05-02 21:16:01
emd5f8e,bk1tag,None,I went to Formentos a few weeks ago and it was GREAT for the price.,13,2019-05-02 19:01:15
emd8lg7,bk1tag,wisconick,Iâ€™d vote for Loyalist. Itâ€™s located beneath a 2-star Michelin restaurant and the chef upstairs has a lot to do with the menu downstairs. Itâ€™s right in your price range and has a pretty chill vibe.,11,2019-05-02 19:36:58
emdfc2l,bk1tag,GlassMarble,"Most of these places names are gonna cost way more than the budget you named. Nando Milano is an underrated Italian gem in Ukrainian Village, great food and very romantic. The food is amazing.",12,2019-05-02 20:51:01
emd4a6g,bk1tag,AutumnCupcake,"Some of my favorite date night places:

RM Champagne Salon

The Purple Pig-mediterranean shared plates

Girl and the Goat

312 Chicago

Farmhouse Chicago

Beatrix

Prosecco

The Publican

edit: formatting",23,2019-05-02 18:48:30
emde2f5,bk1tag,petmoo23,You should get some nice fresh pasta at Daisies in Logan Square.,10,2019-05-02 20:36:55
emd6lay,bk1tag,tacobellgivemehell,"Tango Sur, Piccolo Sogno, Gibsonâ€™s, Joeâ€™s Stone Crab,",19,2019-05-02 19:14:37
emdcmug,bk1tag,rendragmuabrelyt,Topo Gigio in Old Town,7,2019-05-02 20:20:59
emdk817,bk1tag,pmmeyourbirthstory,"The most romantic place Iâ€™ve ever been AND not expensive: Penumbras in Logan Square. Very dark, tons of wine options, gauzy drapes around every table so itâ€™s private and cozy. We went for our anniversary and loved it. And the staff are so nice and friendly!",9,2019-05-02 21:43:42
emd4a9i,bk1tag,whoamiwhoareyou2,go to etta!!! I canâ€™t stress how amazing this place is enough. hands down best food Iâ€™ve ever had and itâ€™s a gorgeous restaurant. let them know itâ€™s a big date when you make your reservation!,12,2019-05-02 18:48:32
emd44ta,bk1tag,wiggedywonderful,"If you eat meat, Bavettes is some of the best food Iâ€™ve ever had!",11,2019-05-02 18:46:56
emdg7n6,bk1tag,timaab,Avec west-loop Randolph,5,2019-05-02 21:00:41
emdn8wa,bk1tag,None,"Ditto to Gilt Bar and Bavettes!

Osteria Langhe In Logan Square is also romantic and delicious.",5,2019-05-02 22:18:32
emdcopu,bk1tag,hawkeygal,"Fat Rice
Girl and the Goat
Sienna Tavern",4,2019-05-02 20:21:33
emdgbif,bk1tag,icommentingifs,"Lot's of great recommendations already mentioned so I won't repeat but I'll add. If you like sushi, Radio Anago is a very romantic spot (and it's a hogsalt restaurant so same owners as Bavettes and gilt bar). It's small and dark and intimate and the sushi is wonderful.",3,2019-05-02 21:01:51
emdkyxx,bk1tag,lottiedahdeedah,"Piccolo Sogno,  particularly if it ever warms enough to dine outdoors",4,2019-05-02 21:51:41
emdnkhq,bk1tag,thecoolduude,Gonna throw Le Sud in Roscoe Village in here. Pretty affordable and very Chicago. It may be French food but itâ€™s tucked away in a neighborhood and feels more like a French brassiere than a typical restaurant. I would definitely recommend for something like this.,4,2019-05-02 22:22:50
emd7m6n,bk1tag,TJK41,"Frontera - incredible Mexican 

Publican - good American food/beer

Formentoâ€™s - Italian

Mott St. - Asian-ish

Le Buchon or Le Sardine - French",9,2019-05-02 19:25:50
emdlep4,bk1tag,flickhuck20,"Parachute, Girl & The Goat, Mindy's Hot Chocolate, Giant, GT Fish & Oyster, Ada Street, Gilt Bar",3,2019-05-02 21:56:26
emdmg7k,bk1tag,walkyourcats,"Black Bull has amazing tapas. Itâ€™s really cute inside, and thereâ€™s a snazzy bar upstairs.",3,2019-05-02 22:08:22
emex4ek,bk1tag,None,Club lucky in wicker park is a perfect little retro Italian diner with great food and a cozy vibe,3,2019-05-03 09:55:13
emd7d52,bk1tag,JillTron,"I second Tango Sur. Also, Monteverde is wonderful and closer to your price point - it's my favorite modern Italian spot in the city and HIGHLY recommended. Vincent in Andersonville is also a great spot for a nice date night dinner. Those would be my best suggestions - good luck!",5,2019-05-02 19:23:00
emdk3pg,bk1tag,None,"Disappointed no one said Aba, but I guess Aba is more low key and casual than romantic. I just love their ambiance tho! 

Besides what everyone else said, I also really like Roca Akor. Itâ€™s a Japanese fusion place. Entrees start at $20 per plate tho so just be careful with what you order, or skip if seafood is not ideal for you lol

Nico Osteria is pretty good and slightly more affordable than Roca Akor. Good ambiance and great Italian dishes. 

Also speaking of Italian, Bar Roma is a treat too, and itâ€™s the most affordable out of all my suggestions. What iâ€™d actually recommend is buy tickets for yourself and your bf to see a show at the Chicago Magic Lounge on your date weekend, and have dinner before or after the show at Bar Roma!",2,2019-05-02 21:42:15
emdr4ys,bk1tag,Shoothemoonx,Fat Rice,2,2019-05-02 23:09:56
emduyrv,bk1tag,crbatte,Le Buchon has been mentioned & I agree however my favorite date night spot is Root Stock if you are into wine.,2,2019-05-03 00:04:22
emeeq7q,bk1tag,curmudge,Lula Cafe,2,2019-05-03 06:15:26
emf6rzy,bk1tag,tribewoman,SKY in Pilsen was romantic and excellent food!,2,2019-05-03 11:38:45
emfnb0d,bk1tag,Uniqueusername360,"If you want high ceilings, great food, great atmosphere, and elegance, and live classical music this is the spot. Romantic for sure!

Lockwood
17 E Monroe St, Chicago, IL 60603
(312) 917-3404
https://goo.gl/maps/L9E1spZcvxJrARHZ6

Also if you wanted to do it up for the evening, the the restaurant is located within the Palmerhouse hotel which also houses The Magic Parlor. A cocktail hour where cocktail attire is suggested but not mandated. You can couple dinner then a magic show. dinner is all inclusive in which they provide the magic menu for you to choose from. Itâ€™s bevrages, an appetizer, an entre, and desert for 41$ once tacked on to the magic parkour price of 79$. It comes out to 120$ total. Itâ€™s entirely worth it and drinks during the magic show are free. At 79$ thatâ€™s usually the price of about 7 cocktails/glasses of wine/bubbly. Get sauced during the show and youâ€™ve come out ahead! Iâ€™ve gone twice, itâ€™s great!!! Everything, the magic, the food the atmosphere etc. you canâ€™t go wrong. 
http://www.themagicparlourchicago.com/the-magic-menu",2,2019-05-03 14:41:45
